INSERT INTO manufacturers (name, country) VALUES
  ('Volvo',    'Sweden'),
  ('Saab',     'Sweden'),
  ('Mitsubishi','Japan'),
  ('Nissan',   'Japan'),
  ('Honda',    'Japan');

INSERT INTO models (manufacturer_id, model_name, year_start, year_end) VALUES
  (1, '240',    1974, 1993),
  (1, '740',    1975, 1992),
  (1, '850',    1991, 1997),
  (1, '960',    1990, 1997),
  (2, '900',    1978, 1998),
  (2, '9000',   1985, 1998),
  (3, 'Lancer', 1992, 1995),
  (3, 'Galant', 1993, 1998),
  (3, 'Pajero', 1991, 1999),
  (4, 'Maxima', 1988, 1994),
  (4, '300ZX',  1989, 2000),
  (4, 'Sunny',  1973, 2000),
  (5, 'Civic',  1992, 1995),
  (5, 'Accord', 1990, 1993),
  (5, 'Prelude',1992, 1996);

INSERT INTO engines (model_id, engine_type, displacement_cc, horsepower) VALUES
  (1,  'Inline-4',       2316, 112),
  (2,  'Inline-6',       2778, 130),
  (3,  'Inline-5',       2435, 168),
  (4,  'Inline-6',       2849, 204),
  (5,  'Inline-4 Turbo', 1985, 185),
  (6,  'Inline-4 Turbo', 1985, 175),
  (7,  'Inline-4',       1468,  92),
  (8,  'Inline-4',       1995, 115),
  (9,  'V6',             2997, 141),
  (10, 'V6',             2960, 160),
  (11, 'V6',             2960, 222),
  (12, 'Inline-4',       1595, 105),
  (13, 'Inline-4',       1483, 102),
  (14, 'Inline-4',       2156, 130),
  (15, 'Inline-4',       2156, 145);

INSERT INTO transmissions (model_id, type, gears) VALUES
  (1,  'Manual',    4),
  (2,  'Manual',    5),
  (3,  'Automatic', 4),
  (4,  'Automatic', 4),
  (5,  'Manual',    5),
  (6,  'Automatic', 4),
  (7,  'Manual',    5),
  (8,  'Automatic', 4),
  (9,  'Automatic', 4),
  (10, 'Automatic', 4),
  (11, 'Manual',    5),
  (12, 'Manual',    5),
  (13, 'Manual',    5),
  (14, 'Automatic', 4),
  (15, 'Manual',    5);

INSERT INTO features (model_id, feature) VALUES
  (1,  'Collapsible steering column (новинка для підвищення безпеки)'),
  (1,  'Інтегровані протитуманні фари як стандарт'),
  (2,  'Dual-stage driver airbag – двоступенева подушка безпеки'),
  (2,  'Перший Saab з тестовим повним приводом'),
  (3,  'Мультизв‘язкова задня підвіска (перехід на нову архітектуру)'),
  (3,  'Посилені дверні балки для захисту при бокових ударах'),
  (4,  'Dual-zone climate control – двозонний клімат-контроль'),
  (4,  'Бортовий комп’ютер з показником витрати палива'),
  (5,  'Інтеркулер для турбонаддуву (перші в серії)'),
  (5,  'Цифрова панель приладів із монітором статусу систем'),
  (6,  'Система очищення фар (headlamp wipers)'),
  (6,  'Саморівнювальна задня підвіска'),
  (7,  '4-канальна ABS – повний антиблокувальний гальмівний супорт'),
  (7,  'Variable Valve Timing (MIVEC) – змінні фази газорозподілу'),
  (8,  'Anti-whiplash headrests – протишокові підголівники'),
  (8,  'Електронна пневмопідвіска (концепт)'),
  (9,  'Full-time AWD із блокуванням центрального диференціала'),
  (9,  'Low-range gearbox для покращеної прохідності'),
  (10, 'Torsen LSD – диференціал підвищеного тертя'),
  (10, 'HICAS – чотириколісне рульове управління'),
  (11, 'Pop-up headlights – характерні висувні фари'),
  (11, 'Twin-turbo V6: 0–60 mph < 5.0 s (рекорд у серійному спорткарі)'),
  (12, 'Склінні дверцята зі складаним сидінням пасажира'),
  (12, 'Зсувний люк-дах як опція'),
  (13, 'Система фільтрації повітря в салоні'),
  (13, 'Електросклопідіймачі'),
  (14, 'Пам’ять налаштувань сидіння та дзеркал'),
  (14, 'Вбудована ABS як стандарт'),
  (15, 'Variable Geometry Intake – змінна геометрія впуску'),
  (15, 'Dual side airbags – дві бічні подушки безпеки');